006X3528703841555;"Michelin PILOT SPORT 4 SUV 255/45R21 106Y XL";1;"Not parsed yet";;PLN;1664.00;1664.00;0;0;https://noweopony.pl/dane-opony/michelin-pilot-sport-4-suv-255-45-r21-106-y-xl-fr;https://media.noweopony.net/media/tyres/treads/PILOT_SPORT_4_SUV.jpg;2023-04-22T11:23:40.484540Z;"Not parsed yet"
002Y49843;"Pirelli Winter Sottozero 3 265/35R21 101W XL";1;"Not parsed yet";;PLN;1667.00;1667.00;0;0;https://noweopony.pl/dane-opony/pirelli-winter-sottozero-3-265-35-r21-101-w-xl-fr;https://media.noweopony.net/media/tyres/treads/Winter_Sottozero_3.jpg;2023-04-22T11:23:40.502665Z;"Not parsed yet"
002X4019238716634;"Continental ContiSportContact 5 255/45R22 107Y XL BMW";1;"Not parsed yet";;PLN;1668.00;1668.00;0;0;https://noweopony.pl/dane-opony/continental-contisportcontact-5-255-45-r22-107-y-xl-fr-contiseal-contisilent-bmw;https://media.noweopony.net/media/tyres/treads/ContiSportContact_5.jpg;2023-04-22T11:23:40.514872Z;"Not parsed yet"
002X4019238660814;"Continental ContiSportContact 5 295/40R22 112Y XL";1;"Not parsed yet";;PLN;1669.00;1669.00;0;0;https://noweopony.pl/dane-opony/continental-contisportcontact-5-295-40-r22-112-y-xl-fr-contisilent;https://media.noweopony.net/media/tyres/treads/ContiSportContact_5.jpg;2023-04-22T11:23:40.528827Z;"Not parsed yet"
002X4019238062342;"Continental CrossContact RX 295/30R21 102W XL Mercedes";1;"Not parsed yet";;PLN;1669.00;1669.00;0;0;https://noweopony.pl/dane-opony/continental-crosscontact-rx-295-30-r21-102-w-xl-fr-contisilent-mercedes;https://media.noweopony.net/media/tyres/treads/CrossContact_RX.jpg;2023-04-22T11:23:40.543683Z;"Not parsed yet"
006X3528706518850;"Michelin PILOT SUPER SPORT 285/30R20 99Y XL Ferrari";1;"Not parsed yet";;PLN;1677.00;1677.00;0;0;https://noweopony.pl/dane-opony/michelin-pilot-super-sport-285-30-r20-99-y-xl-fr-ferrari;https://media.noweopony.net/media/tyres/treads/PILOT_SUPER_SPORT.jpg;2023-04-22T11:23:40.555620Z;"Not parsed yet"
0121984(1);"Michelin PILOT ALPIN 5 SUV 275/45R20 110V XL Run Flat BMW";1;"Not parsed yet";;PLN;1678.00;1678.00;0;0;https://noweopony.pl/dane-opony/michelin-pilot-alpin-5-suv-275-45-r20-110-v-xl-fr-run-flat-bmw;https://media.noweopony.net/media/tyres/treads/PILOT_ALPIN_5_SUV.jpg;2023-04-22T11:23:40.566202Z;"Not parsed yet"
002Y92953;"Pirelli P Zero PZ3 285/35R22 106Y XL Porsche";1;"Not parsed yet";;PLN;1678.00;1678.00;0;0;https://noweopony.pl/dane-opony/pirelli-p-zero-pz3-285-35-r22-106-y-xl-porsche;https://media.noweopony.net/media/tyres/treads/P_Zero_PZ3.jpg;2023-04-22T11:23:40.571141Z;"Not parsed yet"
006X3528703671039;"Michelin PILOT SPORT CUP 2 295/30R20 101Y XL Mercedes";1;"Not parsed yet";;PLN;1680.00;1680.00;0;0;https://noweopony.pl/dane-opony/michelin-pilot-sport-cup-2-295-30-r20-101-y-xl-fr-mercedes;https://media.noweopony.net/media/tyres/treads/PILOT_SPORT_CUP_2.jpg;2023-04-22T11:23:40.576015Z;"Not parsed yet"
002Y105470;"Pirelli P Zero PZ4 315/35R21 111Y XL Run Flat BMW";1;"Not parsed yet";;PLN;1680.00;1680.00;0;0;https://noweopony.pl/dane-opony/pirelli-p-zero-pz4-315-35-r21-111-y-xl-run-flat-bmw;https://media.noweopony.net/media/tyres/treads/P_Zero_PZ4.jpg;2023-04-22T11:23:40.581013Z;"Not parsed yet"
006X3528702414163;"Michelin LATITUDE TOUR HP 265/45R21 104W Jaguar|Land Rover";1;"Not parsed yet";;PLN;1683.00;1683.00;0;0;https://noweopony.pl/dane-opony/michelin-latitude-tour-hp-265-45-r21-104-w-selfseal-jaguar---land-rover;https://media.noweopony.net/media/tyres/treads/tour_hp.jpg;2023-04-22T11:23:40.588280Z;"Not parsed yet"
002Y110415;"Pirelli Scorpion Winter 275/45R21 107V Mercedes";1;"Not parsed yet";;PLN;1683.00;1683.00;0;0;https://noweopony.pl/dane-opony/pirelli-scorpion-winter-275-45-r21-107-v-fr-pncs-mercedes;https://media.noweopony.net/media/tyres/treads/Scorpion_Winter.jpg;2023-04-22T11:23:40.593895Z;"Not parsed yet"
002Y38999;"Pirelli Scorpion Winter 285/45R19 111V XL Run Flat";1;"Not parsed yet";;PLN;1684.00;1684.00;0;0;https://noweopony.pl/dane-opony/pirelli-scorpion-winter-285-45-r19-111-v-xl-run-flat;https://media.noweopony.net/media/tyres/treads/Scorpion_Winter.jpg;2023-04-22T11:23:40.599472Z;"Not parsed yet"
002Y109208;"Michelin PILOT ALPIN 5 SUV 295/35R21 107V XL";1;"Not parsed yet";;PLN;1684.00;1684.00;0;0;https://noweopony.pl/dane-opony/michelin-pilot-alpin-5-suv-295-35-r21-107-v-xl-fr;https://media.noweopony.net/media/tyres/treads/PILOT_ALPIN_5_SUV.jpg;2023-04-22T11:23:40.604640Z;"Not parsed yet"
002Y125919;"Michelin PILOT ALPIN 5 275/35R20 102W XL";1;"Not parsed yet";;PLN;1685.00;1685.00;0;0;https://noweopony.pl/dane-opony/michelin-pilot-alpin-5-275-35-r20-102-w-xl-fr;https://media.noweopony.net/media/tyres/treads/PILOT_ALPIN_5.jpg;2023-04-22T11:23:40.610194Z;"Not parsed yet"
002Y126312;"Michelin PILOT ALPIN 5 SUV 285/45R21 113V XL";1;"Not parsed yet";;PLN;1688.00;1688.00;0;0;https://noweopony.pl/dane-opony/michelin-pilot-alpin-5-suv-285-45-r21-113-v-xl-fr;https://media.noweopony.net/media/tyres/treads/PILOT_ALPIN_5_SUV.jpg;2023-04-22T11:23:40.615476Z;"Not parsed yet"
INT1202;"Michelin PILOT ALPIN 5 SUV 275/40R22 108V XL";1;"Not parsed yet";;PLN;1688.00;1688.00;0;0;https://noweopony.pl/dane-opony/michelin-pilot-alpin-5-suv-275-40-r22-108-v-xl-fr;https://media.noweopony.net/media/tyres/treads/PILOT_ALPIN_5_SUV.jpg;2023-04-22T11:23:40.620434Z;"Not parsed yet"
001YMNOL21027535YP4S5;"Michelin PILOT SPORT 4 S 275/35R21 103Y XL Mercedes";1;"Not parsed yet";;PLN;1691.00;1691.00;0;0;https://noweopony.pl/dane-opony/michelin-pilot-sport-4-s-275-35-r21-103-y-xl-mercedes;https://media.noweopony.net/media/tyres/treads/PILOT_SPORT_4_S.jpg;2023-04-22T11:23:40.625950Z;"Not parsed yet"
002Y91651;"Continental SportContact 6 285/35R23 107Y XL Audi";1;"Not parsed yet";;PLN;1693.00;1693.00;0;0;https://noweopony.pl/dane-opony/continental-sportcontact-6-285-35-r23-107-y-xl-fr-contisilent-audi-s---rs;https://media.noweopony.net/media/tyres/treads/SportContact_6.jpg;2023-04-22T11:23:40.631468Z;"Not parsed yet"
001YMNOL21028530YP4S0;"Michelin PILOT SPORT 4 S 285/30R21 100Y XL";1;"Not parsed yet";;PLN;1694.00;1694.00;0;0;https://noweopony.pl/dane-opony/michelin-pilot-sport-4-s-285-30-r21-100-y-xl-fr;https://media.noweopony.net/media/tyres/treads/PILOT_SPORT_4_S.jpg;2023-04-22T11:23:40.638333Z;"Not parsed yet"
002Y78879;"Michelin PILOT SPORT 4 S 275/30R20 97Y XL";1;"Not parsed yet";;PLN;1696.00;1696.00;0;0;https://noweopony.pl/dane-opony/michelin-pilot-sport-4-s-275-30-r20-97-y-xl-fr;https://media.noweopony.net/media/tyres/treads/PILOT_SPORT_4_S.jpg;2023-04-22T11:23:40.643419Z;"Not parsed yet"
002Y103950;"Bridgestone Dueler H/P Sport 315/35R21 111Y XL Porsche";1;"Not parsed yet";;PLN;1699.00;1699.00;0;0;https://noweopony.pl/dane-opony/bridgestone-dueler-h-p-sport-315-35-r21-111-y-xl-porsche;https://media.noweopony.net/media/tyres/products/eprel_label_383349.jpg;2023-04-22T11:23:40.649500Z;"Not parsed yet"
003X4038526067630;"Goodyear EAGLE F1 SUPERSPORT RS 255/35R20 97Y XL Porsche";1;"Not parsed yet";;PLN;1701.00;1701.00;0;0;https://noweopony.pl/dane-opony/goodyear-eagle-f1-supersport-rs-255-35-r20-97-y-xl;https://media.noweopony.net/media/tyres/products/eprel_label_1079540.jpg;2023-04-22T11:23:40.655407Z;"Not parsed yet"
002Y163539;"Pirelli P Zero PZ3 285/45R21 113Y XL Bentley";1;"Not parsed yet";;PLN;1701.00;1701.00;0;0;https://noweopony.pl/dane-opony/pirelli-p-zero-pz3-285-45-r21-113-y-xl-bentley;https://media.noweopony.net/media/tyres/treads/P_Zero_PZ3.jpg;2023-04-22T11:23:40.661494Z;"Not parsed yet"
002Y80819;"Michelin PILOT ALPIN 5 275/35R19 100V XL Mercedes";1;"Not parsed yet";;PLN;1701.00;1701.00;0;0;https://noweopony.pl/dane-opony/michelin-pilot-alpin-5-275-35-r19-100-v-xl-fr-mercedes;https://media.noweopony.net/media/tyres/treads/PILOT_ALPIN_5.jpg;2023-04-22T11:23:40.667463Z;"Not parsed yet"
002Y91541;"Pirelli P Zero PZ3 315/35R21 111Y XL Porsche";1;"Not parsed yet";;PLN;1701.00;1701.00;0;0;https://noweopony.pl/dane-opony/pirelli-p-zero-pz3-315-35-r21-111-y-xl-porsche;https://media.noweopony.net/media/tyres/treads/P_Zero_PZ3.jpg;2023-04-22T11:23:40.673453Z;"Not parsed yet"
002Y85697;"Pirelli Winter Sottozero Serie II 275/30R20 97W XL Audi";1;"Not parsed yet";;PLN;1703.00;1703.00;0;0;https://noweopony.pl/dane-opony/pirelli-winter-sottozero-serie-ii-275-30-r20-97-w-xl-audi;https://media.noweopony.net/media/tyres/treads/winter-sottozero2-3-4-1505470083282.jpg;2023-04-22T11:23:40.679448Z;"Not parsed yet"
006X3528703989578;"Michelin PILOT ALPIN 5 SUV 275/45R22 112V XL";1;"Not parsed yet";;PLN;1704.00;1704.00;0;0;https://noweopony.pl/dane-opony/michelin-pilot-alpin-5-suv-275-45-r22-112-v-xl-fr;https://media.noweopony.net/media/tyres/treads/PILOT_ALPIN_5_SUV.jpg;2023-04-22T11:23:40.685277Z;"Not parsed yet"
001YGNOL21028535YMGT0;"Dunlop SP SPORT MAXX GT 285/35R21 105Y XL Run Flat BMW";1;"Not parsed yet";;PLN;1708.00;1708.00;0;0;https://noweopony.pl/dane-opony/dunlop-sp-sport-maxx-gt-285-35-r21-105-y-xl-mfs-run-flat-bmw;https://media.noweopony.net/media/tyres/treads/SP_SPORT_MAXX_GT.jpg;2023-04-22T11:23:40.691240Z;"Not parsed yet"
002Y75368;"Continental ContiWinterContact TS 830 P 295/40R20 110W XL";1;"Not parsed yet";;PLN;1709.00;1709.00;0;0;https://noweopony.pl/dane-opony/continental-contiwintercontact-ts-830-p-295-40-r20-110-w-xl-fr;https://media.noweopony.net/media/tyres/treads/ContiWinterContact_TS_830_P.jpg;2023-04-22T11:23:40.696938Z;"Not parsed yet"
001YMNOZ20028535WPA40;"Michelin PILOT ALPIN PA4 285/35R20 104W XL";1;"Not parsed yet";;PLN;1709.00;1709.00;0;0;https://noweopony.pl/dane-opony/michelin-pilot-alpin-pa4-285-35-r20-104-w-xl-fr;https://media.noweopony.net/media/tyres/treads/PILOT_ALPIN_PA4.jpg;2023-04-22T11:23:40.702393Z;"Not parsed yet"
006X3528707447210;"Michelin PILOT ALPIN 5 275/40R19 105W XL";1;"Not parsed yet";;PLN;1713.00;1713.00;0;0;https://noweopony.pl/dane-opony/michelin-pilot-alpin-5-275-40-r19-105-w-xl-fr;https://media.noweopony.net/media/tyres/treads/PILOT_ALPIN_5.jpg;2023-04-22T11:23:40.708100Z;"Not parsed yet"
002Y171188;"Pirelli Scorpion Winter 2 265/35R22 102V XL";1;"Not parsed yet";;PLN;1715.00;1715.00;0;0;https://noweopony.pl/dane-opony/pirelli-scorpion-winter-2-265-35-r22-102-v-xl-fr-ncs;https://media.noweopony.net/media/tyres/treads/Scorpion-Winter-2-gallery-3-4-4505527507214.jpg;2023-04-22T11:23:40.713325Z;"Not parsed yet"
006X3528703201069;"Michelin PILOT ALPIN PA4 275/30R20 97W XL";1;"Not parsed yet";;PLN;1717.00;1717.00;0;0;https://noweopony.pl/dane-opony/michelin-pilot-alpin-pa4-275-30-r20-97-w-xl-fr;https://media.noweopony.net/media/tyres/treads/PILOT_ALPIN_PA4.jpg;2023-04-22T11:23:40.718409Z;"Not parsed yet"
002Y76385;"Pirelli Scorpion Winter 285/40R22 110V XL";1;"Not parsed yet";;PLN;1717.00;1717.00;0;0;https://noweopony.pl/dane-opony/pirelli-scorpion-winter-285-40-r22-110-v-xl;https://media.noweopony.net/media/tyres/treads/Scorpion_Winter.jpg;2023-04-22T11:23:40.723524Z;"Not parsed yet"
002Y95441;"Michelin PILOT ALPIN 5 SUV 275/45R20 110V XL Run Flat BMW";1;"Not parsed yet";;PLN;1717.00;1717.00;0;0;https://noweopony.pl/dane-opony/michelin-pilot-alpin-5-suv-275-45-r20-110-v-xl-fr-run-flat-bmw;https://media.noweopony.net/media/tyres/treads/PILOT_ALPIN_5_SUV.jpg;2023-04-22T11:23:40.729574Z;"Not parsed yet"
006X3528708173897;"Michelin PILOT SPORT CUP 2 265/35R19 98Y XL BMW";1;"Not parsed yet";;PLN;1721.00;1721.00;0;0;https://noweopony.pl/dane-opony/michelin-pilot-sport-cup-2-265-35-r19-98-y-xl-fr-bmw;https://media.noweopony.net/media/tyres/treads/PILOT_SPORT_CUP_2.jpg;2023-04-22T11:23:40.734811Z;"Not parsed yet"
002Y85076;"Continental WinterContact TS 860 S 285/40R20 108V XL Run Flat";1;"Not parsed yet";;PLN;1721.00;1721.00;0;0;https://noweopony.pl/dane-opony/continental-wintercontact-ts-860-s-285-40-r20-108-v-xl-fr-run-flat;https://media.noweopony.net/media/tyres/treads/WinterContact_TS_860_S.jpg;2023-04-22T11:23:40.739887Z;"Not parsed yet"
002Y156033;"Michelin PILOT ALPIN 5 SUV 285/35R22 106W XL";1;"Not parsed yet";;PLN;1723.00;1723.00;0;0;https://noweopony.pl/dane-opony/michelin-pilot-alpin-5-suv-285-35-r22-106-w-xl;https://media.noweopony.net/media/tyres/treads/PILOT_ALPIN_5_SUV.jpg;2023-04-22T11:23:40.745043Z;"Not parsed yet"
002X4019238685633;"Continental SportContact 6 305/25R22 99Y XL";1;"Not parsed yet";;PLN;1724.00;1724.00;0;0;https://noweopony.pl/dane-opony/continental-sportcontact-6-305-25-r22-99-y-xl-fr;https://media.noweopony.net/media/tyres/treads/SportContact_6.jpg;2023-04-22T11:23:40.750180Z;"Not parsed yet"
002X4019238052398;"Continental WinterContact TS 860 S 315/30R22 107V XL";1;"Not parsed yet";;PLN;1724.00;1724.00;0;0;https://noweopony.pl/dane-opony/continental-wintercontact-ts-860-s-315-30-r22-107-v-xl-fr;https://media.noweopony.net/media/tyres/treads/WinterContact_TS_860_S.jpg;2023-04-22T11:23:40.755574Z;"Not parsed yet"
001YMNOL22027535YPSV0;"Michelin PILOT SPORT EV 275/35R22 104Y XL Mercedes";1;"Not parsed yet";;PLN;1724.00;1724.00;0;0;https://noweopony.pl/dane-opony/michelin-pilot-sport-ev-275-35-r22-104-y-xl-acoustic-mercedes;https://media.noweopony.net/media/tyres/treads/PILOT_SPORT_EV.jpg;2023-04-22T11:23:40.760727Z;"Not parsed yet"
002Y155941;"Michelin PILOT ALPIN 5 275/35R19 100W XL";1;"Not parsed yet";;PLN;1725.00;1725.00;0;0;https://noweopony.pl/dane-opony/michelin-pilot-alpin-5-275-35-r19-100-w-xl-fr;https://media.noweopony.net/media/tyres/treads/PILOT_ALPIN_5.jpg;2023-04-22T11:23:40.766320Z;"Not parsed yet"
006X3528702131275;"Michelin PILOT ALPIN 5 SUV 275/40R22 108V XL";1;"Not parsed yet";;PLN;1727.00;1727.00;0;0;https://noweopony.pl/dane-opony/michelin-pilot-alpin-5-suv-275-40-r22-108-v-xl-fr;https://media.noweopony.net/media/tyres/treads/PILOT_ALPIN_5_SUV.jpg;2023-04-22T11:23:40.771356Z;"Not parsed yet"
002Y171227;"Pirelli Scorpion Winter 2 295/35R21 107V XL";1;"Not parsed yet";;PLN;1727.00;1727.00;0;0;https://noweopony.pl/dane-opony/pirelli-scorpion-winter-2-295-35-r21-107-v-xl-fr;https://media.noweopony.net/media/tyres/treads/Scorpion-Winter-2-gallery-3-4-4505527507214.jpg;2023-04-22T11:23:40.776552Z;"Not parsed yet"
006X3528705076771;"Michelin PILOT ALPIN 5 SUV 265/35R22 102W XL";1;"Not parsed yet";;PLN;1735.00;1735.00;0;0;https://noweopony.pl/dane-opony/michelin-pilot-alpin-5-suv-265-35-r22-102-w-xl;https://media.noweopony.net/media/tyres/treads/PILOT_ALPIN_5_SUV.jpg;2023-04-22T11:23:40.781612Z;"Not parsed yet"
001YGGOL21027525YEAS0;"Goodyear EAGLE F1 SUPERSPORT R 275/25R21 92Y XL";1;"Not parsed yet";;PLN;1737.00;1737.00;0;0;https://noweopony.pl/dane-opony/goodyear-eagle-f1-supersport-r-275-25-r21-92-y-xl-fp;https://media.noweopony.net/media/tyres/products/eprel_label_611130.jpg;2023-04-22T11:23:40.786852Z;"Not parsed yet"
002Y109264;"Michelin PILOT ALPIN 5 SUV 265/45R20 108V XL";1;"Not parsed yet";;PLN;1740.00;1740.00;0;0;https://noweopony.pl/dane-opony/michelin-pilot-alpin-5-suv-265-45-r20-108-v-xl-fr;https://media.noweopony.net/media/tyres/treads/PILOT_ALPIN_5_SUV.jpg;2023-04-22T11:23:40.792022Z;"Not parsed yet"
006X3528704992454;"Michelin PILOT SPORT 4 S 265/30R21 96Y XL";1;"Not parsed yet";;PLN;1740.00;1740.00;0;0;https://noweopony.pl/dane-opony/michelin-pilot-sport-4-s-265-30-r21-96-y-xl-fr;https://media.noweopony.net/media/tyres/treads/PILOT_SPORT_4_S.jpg;2023-04-22T11:23:40.797410Z;"Not parsed yet"
002X4019238020977;"Continental ContiSportContact 5 285/40R22 110Y XL BMW";1;"Not parsed yet";;PLN;1743.00;1743.00;0;0;https://noweopony.pl/dane-opony/continental-contisportcontact-5-285-40-r22-110-y-xl-fr-contiseal-bmw;https://media.noweopony.net/media/tyres/treads/ContiSportContact_5.jpg;2023-04-22T11:23:40.802683Z;"Not parsed yet"
006X3528706666902;"Michelin PILOT ALPIN PA4 245/35R20 95W XL";1;"Not parsed yet";;PLN;1743.00;1743.00;0;0;https://noweopony.pl/dane-opony/michelin-pilot-alpin-pa4-245-35-r20-95-w-xl-fr;https://media.noweopony.net/media/tyres/treads/PILOT_ALPIN_PA4.jpg;2023-04-22T11:23:43.125651Z;"Not parsed yet"
INT4231;"Michelin PILOT SPORT EV 275/35R21 103W XL";1;"Not parsed yet";;PLN;1745.00;1745.00;0;0;https://noweopony.pl/dane-opony/michelin-pilot-sport-ev-275-35-r21-103-w-xl-acoustic;https://media.noweopony.net/media/tyres/treads/PILOT_SPORT_EV.jpg;2023-04-22T11:23:43.139725Z;"Not parsed yet"
002X4019238779936;"Continental CrossContact UHP 305/30R23 105W XL";1;"Not parsed yet";;PLN;1745.00;1745.00;0;0;https://noweopony.pl/dane-opony/continental-crosscontact-uhp-305-30-r23-105-w-xl-fr;https://media.noweopony.net/media/tyres/treads/CrossContact_UHP.jpg;2023-04-22T11:23:43.154884Z;"Not parsed yet"
002Y85760;"Pirelli Winter Sottozero 3 275/35R19 100V XL Run Flat BMW|Mercedes";1;"Not parsed yet";;PLN;1746.00;1746.00;0;0;https://noweopony.pl/dane-opony/pirelli-winter-sottozero-3-275-35-r19-100-v-xl-run-flat-bmw-mercedes;https://media.noweopony.net/media/tyres/treads/Winter_Sottozero_3.jpg;2023-04-22T11:23:43.168406Z;"Not parsed yet"
002X4019238013078;"Continental WinterContact TS 860 S 265/35R22 102W XL Maserati";1;"Not parsed yet";;PLN;1749.00;1749.00;0;0;https://noweopony.pl/dane-opony/continental-wintercontact-ts-860-s-265-35-r22-102-w-xl-fr-maserati;https://media.noweopony.net/media/tyres/treads/WinterContact_TS_860_S.jpg;2023-04-22T11:23:43.176575Z;"Not parsed yet"
001YMNTL21031535YSUP1;"Michelin PILOT SPORT 4 SUV 315/35R21 111Y XL";1;"Not parsed yet";;PLN;1752.00;1752.00;0;0;https://noweopony.pl/dane-opony/michelin-pilot-sport-4-suv-315-35-r21-111-y-xl;https://media.noweopony.net/media/tyres/treads/PILOT_SPORT_4_SUV.jpg;2023-04-22T11:23:43.184414Z;"Not parsed yet"
002Y102608;"Continental PremiumContact 6 325/40R22 114Y Mercedes";1;"Not parsed yet";;PLN;1753.00;1753.00;0;0;https://noweopony.pl/dane-opony/continental-premiumcontact-6-325-40-r22-114-y-fr-contisilent-mercedes;https://media.noweopony.net/media/tyres/treads/PremiumContact_6.jpg;2023-04-22T11:23:43.191695Z;"Not parsed yet"
002Y82188;"Pirelli P Zero PZ4 315/30R21 105Y XL Porsche";1;"Not parsed yet";;PLN;1753.00;1753.00;0;0;https://noweopony.pl/dane-opony/pirelli-p-zero-pz4-315-30-r21-105-y-xl-porsche;https://media.noweopony.net/media/tyres/treads/P_Zero_PZ4.jpg;2023-04-22T11:23:43.199198Z;"Not parsed yet"
001YMNOL22028530YP4S0;"Michelin PILOT SPORT 4 S 285/30R22 101Y XL";1;"Not parsed yet";;PLN;1754.00;1754.00;0;0;https://noweopony.pl/dane-opony/michelin-pilot-sport-4-s-285-30-r22-101-y-xl-fr;https://media.noweopony.net/media/tyres/treads/PILOT_SPORT_4_S.jpg;2023-04-22T11:23:43.204104Z;"Not parsed yet"
001YCCTL22028540YSC60;"Continental SportContact 6 285/40R22 110Y XL Audi";1;"Not parsed yet";;PLN;1754.00;1754.00;0;0;https://noweopony.pl/dane-opony/continental-sportcontact-6-285-40-r22-110-y-xl-fr-contisilent-audi;https://media.noweopony.net/media/tyres/treads/SportContact_6.jpg;2023-04-22T11:23:43.209130Z;"Not parsed yet"
002X4019238064377;"Continental WinterContact TS 860 S 315/35R22 111V XL";1;"Not parsed yet";;PLN;1755.00;1755.00;0;0;https://noweopony.pl/dane-opony/continental-wintercontact-ts-860-s-315-35-r22-111-v-xl-fr;https://media.noweopony.net/media/tyres/treads/WinterContact_TS_860_S.jpg;2023-04-22T11:23:43.214001Z;"Not parsed yet"
006X3528709330510;"Michelin PILOT SPORT CUP 2 245/35R20 95Y XL Ferrari";1;"Not parsed yet";;PLN;1763.00;1763.00;0;0;https://noweopony.pl/dane-opony/michelin-pilot-sport-cup-2-245-35-r20-95-y-xl-ferrari;https://media.noweopony.net/media/tyres/treads/PILOT_SPORT_CUP_2.jpg;2023-04-22T11:23:43.219263Z;"Not parsed yet"
002Y77642;"Pirelli Scorpion Winter 265/40R21 105V XL Maserati";1;"Not parsed yet";;PLN;1764.00;1764.00;0;0;https://noweopony.pl/dane-opony/pirelli-scorpion-winter-265-40-r21-105-v-xl-fr-maserati;https://media.noweopony.net/media/tyres/treads/Scorpion_Winter.jpg;2023-04-22T11:23:43.225307Z;"Not parsed yet"
002Y37942;"Michelin PILOT ALPIN PA4 235/35R20 92W XL";1;"Not parsed yet";;PLN;1766.00;1766.00;0;0;https://noweopony.pl/dane-opony/michelin-pilot-alpin-pa4-235-35-r20-92-w-xl-fr;https://media.noweopony.net/media/tyres/treads/PILOT_ALPIN_PA4.jpg;2023-04-22T11:23:43.231040Z;"Not parsed yet"
003X5452000815903;"Goodyear EAGLE F1 ASYMMETRIC 3 SUV 245/45R21 104Y XL Jaguar|Land Rover";1;"Not parsed yet";;PLN;1777.00;1777.00;0;0;https://noweopony.pl/dane-opony/goodyear-eagle-f1-asymmetric-3-suv-245-45-r21-104-y-xl-fp-sct-jaguar-land-rover;https://media.noweopony.net/media/tyres/treads/EAGLE_F1_ASYMMETRIC_3_SUV.jpg;2023-04-22T11:23:43.236474Z;"Not parsed yet"
006X3528701947341;"Michelin PILOT ALPIN 5 SUV 295/35R22 108W XL";1;"Not parsed yet";;PLN;1779.00;1779.00;0;0;https://noweopony.pl/dane-opony/michelin-pilot-alpin-5-suv-295-35-r22-108-w-xl;https://media.noweopony.net/media/tyres/treads/PILOT_ALPIN_5_SUV.jpg;2023-04-22T11:23:43.242047Z;"Not parsed yet"
002Y109252;"Michelin PILOT ALPIN 5 245/35R20 95V XL Porsche";1;"Not parsed yet";;PLN;1788.00;1788.00;0;0;https://noweopony.pl/dane-opony/michelin-pilot-alpin-5-245-35-r20-95-v-xl-porsche;https://media.noweopony.net/media/tyres/treads/PILOT_ALPIN_5.jpg;2023-04-22T11:23:43.247580Z;"Not parsed yet"
001YPIOL21031530YPZE0;"Pirelli P Zero PZ4 315/30R21 105Y XL Porsche";1;"Not parsed yet";;PLN;1790.00;1790.00;0;0;https://noweopony.pl/dane-opony/pirelli-p-zero-pz4-315-30-r21-105-y-xl-porsche;https://media.noweopony.net/media/tyres/treads/P_Zero_PZ4.jpg;2023-04-22T11:23:43.252909Z;"Not parsed yet"
001YCCTL22028540HCCX0;"Continental CrossContact LX Sport 285/40R22 110H XL Audi";1;"Not parsed yet";;PLN;1801.00;1801.00;0;0;https://noweopony.pl/dane-opony/continental-crosscontact-lx-sport-285-40-r22-110-h-xl-fr-contisilent-audi;https://media.noweopony.net/media/tyres/treads/CrossContact_LX_Sport.jpg;2023-04-22T11:23:43.258079Z;"Not parsed yet"
006X3528704292554;"Michelin PILOT SUPER SPORT 295/35R20 105Y XL Porsche";1;"Not parsed yet";;PLN;1809.00;1809.00;0;0;https://noweopony.pl/dane-opony/michelin-pilot-super-sport-295-35-r20-105-y-xl-fr-porsche;https://media.noweopony.net/media/tyres/treads/PILOT_SUPER_SPORT.jpg;2023-04-22T11:23:43.263141Z;"Not parsed yet"
002X4019238772036;"Continental PremiumContact 6 285/45R21 113Y XL Run Flat BMW";1;"Not parsed yet";;PLN;1810.00;1810.00;0;0;https://noweopony.pl/dane-opony/continental-premiumcontact-6-285-45-r21-113-y-xl-run-flat-bmw;https://media.noweopony.net/media/tyres/treads/PremiumContact_6.jpg;2023-04-22T11:23:43.268630Z;"Not parsed yet"
002Y89789;"BFGoodrich MUD TERRAIN T/A KM3 35X12.50R20 121Q";1;"Not parsed yet";;PLN;1815.00;1815.00;0;0;https://noweopony.pl/dane-opony/bfgoodrich-mud-terrain-t-a-km3-35-12-50-r20-121-q;https://media.noweopony.net/media/tyres/treads/ckkp85ky8040r01o350mrqgw3-bfgoodrich-mud-terrain-t-slash-a-km3-1.full.jpg;2023-04-22T11:23:43.273955Z;"Not parsed yet"
006X3528707215024;"Michelin PILOT ALPIN 5 SUV 275/35R22 104W XL";1;"Not parsed yet";;PLN;1817.00;1817.00;0;0;https://noweopony.pl/dane-opony/michelin-pilot-alpin-5-suv-275-35-r22-104-w-xl;https://media.noweopony.net/media/tyres/treads/PILOT_ALPIN_5_SUV.jpg;2023-04-22T11:23:43.279166Z;"Not parsed yet"
006X3528701397856;"Michelin PILOT ALPIN 5 SUV 305/40R22 114V XL";1;"Not parsed yet";;PLN;1821.00;1821.00;0;0;https://noweopony.pl/dane-opony/michelin-pilot-alpin-5-suv-305-40-r22-114-v-xl-fr;https://media.noweopony.net/media/tyres/treads/PILOT_ALPIN_5_SUV.jpg;2023-04-22T11:23:43.284224Z;"Not parsed yet"
002Y101666;"Michelin PILOT SPORT 4 S 285/35R22 106Y XL";1;"Not parsed yet";;PLN;1824.00;1824.00;0;0;https://noweopony.pl/dane-opony/michelin-pilot-sport-4-s-285-35-r22-106-y-xl-fr;https://media.noweopony.net/media/tyres/treads/PILOT_SPORT_4_S.jpg;2023-04-22T11:23:43.289422Z;"Not parsed yet"
006X3528708177420;"Michelin PILOT ALPIN 5 SUV 295/30R22 103W XL";1;"Not parsed yet";;PLN;1825.00;1825.00;0;0;https://noweopony.pl/dane-opony/michelin-pilot-alpin-5-suv-295-30-r22-103-w-xl;https://media.noweopony.net/media/tyres/treads/PILOT_ALPIN_5_SUV.jpg;2023-04-22T11:23:43.294450Z;"Not parsed yet"
001YMNOL20029535YP4S7;"Michelin PILOT SPORT 4 S 295/35R20 105Y XL Mercedes";1;"Not parsed yet";;PLN;1827.00;1827.00;0;0;https://noweopony.pl/dane-opony/michelin-pilot-sport-4-s-295-35-r20-105-y-xl-mercedes;https://media.noweopony.net/media/tyres/treads/PILOT_SPORT_4_S.jpg;2023-04-22T11:23:43.299534Z;"Not parsed yet"
002Y89803;"Michelin PILOT SPORT 4 S 255/30R22 95Y XL";1;"Not parsed yet";;PLN;1832.00;1832.00;0;0;https://noweopony.pl/dane-opony/michelin-pilot-sport-4-s-255-30-r22-95-y-xl-fr;https://media.noweopony.net/media/tyres/treads/PILOT_SPORT_4_S.jpg;2023-04-22T11:23:43.304662Z;"Not parsed yet"
006X3528703930600;"Michelin PILOT ALPIN PA4 235/35R20 92V XL Porsche";1;"Not parsed yet";;PLN;1840.00;1840.00;0;0;https://noweopony.pl/dane-opony/michelin-pilot-alpin-pa4-235-35-r20-92-v-xl-fr-porsche;https://media.noweopony.net/media/tyres/treads/PILOT_ALPIN_PA4.jpg;2023-04-22T11:23:43.309820Z;"Not parsed yet"
002X4019238606287;"Continental ContiWinterContact TS 830 P 295/30R20 101W XL Audi";1;"Not parsed yet";;PLN;1853.00;1853.00;0;0;https://noweopony.pl/dane-opony/continental-contiwintercontact-ts-830-p-295-30-r20-101-w-xl-fr-audi-s---rs;https://media.noweopony.net/media/tyres/treads/ContiWinterContact_TS_830_P.jpg;2023-04-22T11:23:43.314972Z;"Not parsed yet"
002Y113616;"Pirelli P Zero PZ4 285/45R21 113Y XL Run Flat BMW";1;"Not parsed yet";;PLN;1856.00;1856.00;0;0;https://noweopony.pl/dane-opony/pirelli-p-zero-pz4-285-45-r21-113-y-xl-run-flat-bmw;https://media.noweopony.net/media/tyres/treads/P_Zero_PZ4.jpg;2023-04-22T11:23:43.320215Z;"Not parsed yet"
002Y171602;"Michelin PILOT ALPIN 5 275/40R19 105V XL Mercedes";1;"Not parsed yet";;PLN;1859.00;1859.00;0;0;https://noweopony.pl/dane-opony/michelin-pilot-alpin-5-275-40-r19-105-v-xl-fr-mercedes;https://media.noweopony.net/media/tyres/treads/PILOT_ALPIN_5.jpg;2023-04-22T11:23:43.325455Z;"Not parsed yet"
002Y113357;"Pirelli Scorpion Winter 275/40R21 107V XL Run Flat BMW";1;"Not parsed yet";;PLN;1859.00;1859.00;0;0;https://noweopony.pl/dane-opony/pirelli-scorpion-winter-275-40-r21-107-v-xl-fr-run-flat-bmw;https://media.noweopony.net/media/tyres/treads/Scorpion_Winter.jpg;2023-04-22T11:23:43.330668Z;"Not parsed yet"
001YMNOL20029535YP4S2;"Michelin PILOT SPORT 4 S 295/35R20 105Y XL Porsche";1;"Not parsed yet";;PLN;1860.00;1860.00;0;0;https://noweopony.pl/dane-opony/michelin-pilot-sport-4-s-295-35-r20-105-y-xl-fr-porsche;https://media.noweopony.net/media/tyres/treads/PILOT_SPORT_4_S.jpg;2023-04-22T11:23:43.335949Z;"Not parsed yet"
002Y110174;"Pirelli P Zero PZ4 315/35R22 111Y XL BMW";1;"Not parsed yet";;PLN;1860.00;1860.00;0;0;https://noweopony.pl/dane-opony/pirelli-p-zero-pz4-315-35-r22-111-y-xl-pncs-bmw;https://media.noweopony.net/media/tyres/treads/P_Zero_PZ4.jpg;2023-04-22T11:23:43.341149Z;"Not parsed yet"
002Y156633;"Pirelli Scorpion Winter 315/30R22 107V XL";1;"Not parsed yet";;PLN;1866.00;1866.00;0;0;https://noweopony.pl/dane-opony/pirelli-scorpion-winter-315-30-r22-107-v-xl;https://media.noweopony.net/media/tyres/treads/Scorpion_Winter.jpg;2023-04-22T11:23:43.346342Z;"Not parsed yet"
006X3528703126591;"Michelin PILOT ALPIN 5 SUV 275/50R19 112V XL Porsche";1;"Not parsed yet";;PLN;1870.00;1870.00;0;0;https://noweopony.pl/dane-opony/michelin-pilot-alpin-5-suv-275-50-r19-112-v-xl-fr-porsche;https://media.noweopony.net/media/tyres/treads/PILOT_ALPIN_5_SUV.jpg;2023-04-22T11:23:43.351357Z;"Not parsed yet"
002Y140405;"Michelin PILOT SPORT 4 S 245/40R21 100Y XL";1;"Not parsed yet";;PLN;1872.00;1872.00;0;0;https://noweopony.pl/dane-opony/michelin-pilot-sport-4-s-245-40-r21-100-y-xl-fr;https://media.noweopony.net/media/tyres/treads/PILOT_SPORT_4_S.jpg;2023-04-22T11:23:43.356639Z;"Not parsed yet"
001YMNOL21030530YP4S0;"Michelin PILOT SPORT 4 S 305/30R21 104Y XL Porsche";1;"Not parsed yet";;PLN;1874.00;1874.00;0;0;https://noweopony.pl/dane-opony/michelin-pilot-sport-4-s-305-30-r21-104-y-xl-porsche;https://media.noweopony.net/media/tyres/treads/PILOT_SPORT_4_S.jpg;2023-04-22T11:23:43.361729Z;"Not parsed yet"
002Y110290;"Pirelli Winter Sottozero 3 275/40R18 103V XL Run Flat BMW";1;"Not parsed yet";;PLN;1875.00;1875.00;0;0;https://noweopony.pl/dane-opony/pirelli-winter-sottozero-3-275-40-r18-103-v-xl-fr-run-flat-bmw;https://media.noweopony.net/media/tyres/treads/Winter_Sottozero_3.jpg;2023-04-22T11:23:43.366899Z;"Not parsed yet"
006X3528704410576;"Michelin PILOT ALPIN 5 265/35R20 102V XL";1;"Not parsed yet";;PLN;1878.00;1878.00;0;0;https://noweopony.pl/dane-opony/michelin-pilot-alpin-5-265-35-r20-102-v-xl-fr;https://media.noweopony.net/media/tyres/treads/PILOT_ALPIN_5.jpg;2023-04-22T11:23:43.371945Z;"Not parsed yet"
002Y171218;"Pirelli Scorpion Verde All Season 285/45R21 113W XL Bentley";1;"Not parsed yet";;PLN;1883.00;1883.00;0;0;https://noweopony.pl/dane-opony/pirelli-scorpion-verde-all-season-285-45-r21-113-w-xl-fr-bentley;https://media.noweopony.net/media/tyres/treads/Scorpion_Verde_All_Season.jpg;2023-04-22T11:23:43.377199Z;"Not parsed yet"
001YMNOL21029530YP4S0;"Michelin PILOT SPORT 4 S 295/30R21 102Y XL";1;"Not parsed yet";;PLN;1886.00;1886.00;0;0;https://noweopony.pl/dane-opony/michelin-pilot-sport-4-s-295-30-r21-102-y-xl-fr;https://media.noweopony.net/media/tyres/treads/PILOT_SPORT_4_S.jpg;2023-04-22T11:23:43.382512Z;"Not parsed yet"
003X4038526339560;"Dunlop SP SPORT MAXX GT600 285/35R20 104Y XL Run Flat";1;"Not parsed yet";;PLN;1887.00;1887.00;0;0;https://noweopony.pl/dane-opony/dunlop-sp-sport-maxx-gt600-285-35-r20-104-y-xl-fr-run-flat;https://media.noweopony.net/media/tyres/products/eprel_label_910422.jpg;2023-04-22T11:23:43.387565Z;"Not parsed yet"
001YMNOL19027535Y2PT0;"Michelin PILOT SPORT CUP 2 CONNECT 275/35R19 100Y XL BMW";1;"Not parsed yet";;PLN;1887.00;1887.00;0;0;https://noweopony.pl/dane-opony/michelin-pilot-sport-cup-2-connect-275-35-r19-100-y-xl-fr-dt-bmw;https://media.noweopony.net/media/tyres/treads/michelin-pilot-sport-cup-2-connect-21238-276988-f-f-l700-sk4.jpg;2023-04-22T11:23:43.392679Z;"Not parsed yet"
001YMNTL21028545YSUP0;"Michelin PILOT SPORT 4 SUV 285/45R21 113Y XL";1;"Not parsed yet";;PLN;1902.00;1902.00;0;0;https://noweopony.pl/dane-opony/michelin-pilot-sport-4-suv-285-45-r21-113-y-xl-fr;https://media.noweopony.net/media/tyres/treads/PILOT_SPORT_4_SUV.jpg;2023-04-22T11:23:43.397765Z;"Not parsed yet"
006X3528701511832;"Michelin PILOT ALPIN 5 SUV 295/45R20 114V XL";1;"Not parsed yet";;PLN;1914.00;1914.00;0;0;https://noweopony.pl/dane-opony/michelin-pilot-alpin-5-suv-295-45-r20-114-v-xl-fr;https://media.noweopony.net/media/tyres/treads/PILOT_ALPIN_5_SUV.jpg;2023-04-22T11:23:43.403252Z;"Not parsed yet"
006X3528708980624;"Michelin PILOT ALPIN PA4 305/35R20 107V XL";1;3528708980624;;PLN;1923.00;1923.00;0;0;https://noweopony.pl/dane-opony/michelin-pilot-alpin-pa4-305-35-r20-107-v-xl-fr;https://media.noweopony.net/media/tyres/treads/PILOT_ALPIN_PA4.jpg;2023-04-22T11:23:43.403920Z;898062
002Y165961;"Michelin PILOT SPORT 5 255/35R21 101Y XL";1;3528704732340;;PLN;1926.00;1926.00;0;0;https://noweopony.pl/dane-opony/michelin-pilot-sport-5-255-35-r21-101-y-xl-fr-acoustic;https://media.noweopony.net/media/tyres/treads/PILOT_SPORT_5.jpg;2023-04-22T11:23:43.404511Z;473234
001YMNOL21029525YP4S0;"Michelin PILOT SPORT 4 S 295/25R21 96Y XL";1;3528704384754;;PLN;1929.00;1929.00;0;0;https://noweopony.pl/dane-opony/michelin-pilot-sport-4-s-295-25-r21-96-y-xl-fr;https://media.noweopony.net/media/tyres/treads/PILOT_SPORT_4_S.jpg;2023-04-22T11:23:43.405090Z;438475
001YMNOL21027535Y5PS0;"Michelin PILOT SPORT S 5 275/35R21 99Y";1;3528709054713;;PLN;1943.00;1943.00;0;0;https://noweopony.pl/dane-opony/michelin-pilot-sport-s-5-275-35-r21-99-y;Empty;2023-04-22T11:23:45.760657Z;905471
002Y185752;"Pirelli P Zero PZ4 285/40R22 110Y XL Porsche";1;8019227395891;;PLN;1944.00;1944.00;0;0;https://noweopony.pl/dane-opony/pirelli-p-zero-pz4-285-40-r22-110-y-xl-porsche;https://media.noweopony.net/media/tyres/treads/P_Zero_PZ4.jpg;2023-04-22T11:23:45.761372Z;3958900
006X3528702328187;"Michelin PILOT ALPIN 5 245/40R21 100V XL";1;3528702328187;;PLN;1945.00;1945.00;0;0;https://noweopony.pl/dane-opony/michelin-pilot-alpin-5-245-40-r21-100-v-xl-fr;https://media.noweopony.net/media/tyres/treads/PILOT_ALPIN_5.jpg;2023-04-22T11:23:45.762191Z;232818
003X3188649818501;"Dunlop SP WINTER SPORT 4D 285/30R21 100W XL Audi";1;3188649818501;;PLN;1948.00;1948.00;0;0;https://noweopony.pl/dane-opony/dunlop-sp-winter-sport-4d-285-30-r21-100-w-xl-mfs-audi-s---rs;https://media.noweopony.net/media/tyres/treads/SP_WINTER_SPORT_4D.jpg;2023-04-22T11:23:45.762980Z;528420
002X4019238013061;"Continental WinterContact TS 860 S 295/30R22 103W XL Maserati";1;4019238013061;;PLN;1955.00;1955.00;0;0;https://noweopony.pl/dane-opony/continental-wintercontact-ts-860-s-295-30-r22-103-w-xl-fr-maserati;https://media.noweopony.net/media/tyres/treads/WinterContact_TS_860_S.jpg;2023-04-22T11:23:45.763799Z;03552790000
1055968;"Michelin PILOT SPORT 4 SUV 285/40R22 110Y XL";1;3528709075077;;PLN;1955.00;1955.00;0;0;https://noweopony.pl/dane-opony/michelin-pilot-sport-4-suv-285-40-r22-110-y-xl-fr;https://media.noweopony.net/media/tyres/treads/PILOT_SPORT_4_SUV.jpg;2023-04-22T11:23:45.764604Z;907507
001YPIOZ21031530VSZ30;"Pirelli Winter Sottozero 3 315/30R21 105V XL Porsche";1;8019227252309;;PLN;1960.00;1960.00;0;0;https://noweopony.pl/dane-opony/pirelli-winter-sottozero-3-315-30-r21-105-v-xl-fr-porsche;https://media.noweopony.net/media/tyres/treads/Winter_Sottozero_3.jpg;2023-04-22T11:23:45.765412Z;2523000
002Y148983;"Pirelli P Zero PZ4 315/30R21 105Y XL Porsche";1;8019227385168;;PLN;1963.00;1963.00;0;0;https://noweopony.pl/dane-opony/pirelli-p-zero-pz4-315-30-r21-105-y-xl-fr-porsche;https://media.noweopony.net/media/tyres/treads/P_Zero_PZ4.jpg;2023-04-22T11:23:45.766188Z;3851600
002Y125242;"Pirelli Scorpion Winter 315/40R21 115V XL Mercedes";1;8019227354096;;PLN;1963.00;1963.00;0;0;https://noweopony.pl/dane-opony/pirelli-scorpion-winter-315-40-r21-115-v-xl-fr-mercedes;https://media.noweopony.net/media/tyres/treads/Scorpion_Winter.jpg;2023-04-22T11:23:45.766962Z;3540900
002Y125934;"Michelin PILOT ALPIN 5 315/30R21 105V XL";1;3528704687619;;PLN;1968.00;1968.00;0;0;https://noweopony.pl/dane-opony/michelin-pilot-alpin-5-315-30-r21-105-v-xl-fr;https://media.noweopony.net/media/tyres/treads/PILOT_ALPIN_5.jpg;2023-04-22T11:23:45.767764Z;468761
001YMNTL22028540YSUP0;"Michelin PILOT SPORT 4 SUV 285/40R22 110Y XL";1;3528709075077;;PLN;1978.00;1978.00;0;0;https://noweopony.pl/dane-opony/michelin-pilot-sport-4-suv-285-40-r22-110-y-xl-fr;https://media.noweopony.net/media/tyres/treads/PILOT_SPORT_4_SUV.jpg;2023-04-22T11:23:45.768500Z;907507
002Y110416;"Pirelli Scorpion Winter 285/45R21 113W XL Lamborghini";1;8019227344608;;PLN;1980.00;1980.00;0;0;https://noweopony.pl/dane-opony/pirelli-scorpion-winter-285-45-r21-113-w-xl-fr-lamborghini;https://media.noweopony.net/media/tyres/treads/Scorpion_Winter.jpg;2023-04-22T11:23:45.769229Z;3446000
006X3528708174320;"Michelin PILOT ALPIN 5 SUV 315/40R21 115V XL";1;3528708174320;;PLN;1981.00;1981.00;0;0;https://noweopony.pl/dane-opony/michelin-pilot-alpin-5-suv-315-40-r21-115-v-xl-fr;https://media.noweopony.net/media/tyres/treads/PILOT_ALPIN_5_SUV.jpg;2023-04-22T11:23:45.769950Z;817432
006X3528702618684;"Michelin PILOT SPORT 4 S 335/25R22 105Y XL";1;3528702618684;;PLN;1988.00;1988.00;0;0;https://noweopony.pl/dane-opony/michelin-pilot-sport-4-s-335-25-r22-105-y-xl-fr;https://media.noweopony.net/media/tyres/treads/PILOT_SPORT_4_S.jpg;2023-04-22T11:23:45.770667Z;261868
INT9488;"Pirelli Scorpion Winter 315/30R22 107V XL";1;8019227401622;;PLN;2015.00;2015.00;0;0;https://noweopony.pl/dane-opony/pirelli-scorpion-winter-315-30-r22-107-v-xl;https://media.noweopony.net/media/tyres/treads/Scorpion_Winter.jpg;2023-04-22T11:23:45.771390Z;4016200
002Y171235;"Pirelli Scorpion Winter 2 295/35R23 108W XL";1;8019227414066;;PLN;2026.00;2026.00;0;0;https://noweopony.pl/dane-opony/pirelli-scorpion-winter-2-295-35-r23-108-w-xl;https://media.noweopony.net/media/tyres/treads/Scorpion-Winter-2-gallery-3-4-4505527507214.jpg;2023-04-22T11:23:45.772143Z;4140600
006X3528706552991;"Michelin PILOT ALPIN PA4 295/30R20 101V XL Porsche";1;3528706552991;;PLN;2037.00;2037.00;0;0;https://noweopony.pl/dane-opony/michelin-pilot-alpin-pa4-295-30-r20-101-v-xl-fr-porsche;https://media.noweopony.net/media/tyres/treads/PILOT_ALPIN_PA4.jpg;2023-04-22T11:23:45.772866Z;655299
002Y164650;"Pirelli P Zero PZ4 315/30R21 105Y XL Porsche";1;8019227292060;;PLN;2041.00;2041.00;0;0;https://noweopony.pl/dane-opony/pirelli-p-zero-pz4-315-30-r21-105-y-xl-porsche;https://media.noweopony.net/media/tyres/treads/P_Zero_PZ4.jpg;2023-04-22T11:23:45.773592Z;2920600
002Y54164;"Dunlop SP SPORT MAXX GT 325/30R21 108Y XL Run Flat BMW";1;3188649821846;;PLN;2054.00;2054.00;0;0;https://noweopony.pl/dane-opony/dunlop-sp-sport-maxx-gt-325-30-r21-108-y-xl-mfs-run-flat-bmw;https://media.noweopony.net/media/tyres/treads/SP_SPORT_MAXX_GT.jpg;2023-04-22T11:23:45.774318Z;529134
002Y147587;"Pirelli P Zero PZ4 315/30R22 107Y XL BMW";1;8019227325379;;PLN;2066.00;2066.00;0;0;https://noweopony.pl/dane-opony/pirelli-p-zero-pz4-315-30-r22-107-y-xl-fr-bmw;https://media.noweopony.net/media/tyres/treads/P_Zero_PZ4.jpg;2023-04-22T11:23:45.775050Z;3253700
001YMNOL21027530YP4S0;"Michelin PILOT SPORT 4 S 275/30R21 98Y XL";1;3528702789483;;PLN;2071.00;2071.00;0;0;https://noweopony.pl/dane-opony/michelin-pilot-sport-4-s-275-30-r21-98-y-xl-fr;https://media.noweopony.net/media/tyres/treads/PILOT_SPORT_4_S.jpg;2023-04-22T11:23:45.775841Z;278948
002Y92924;"Pirelli P Zero PZ3 315/30R22 107Y XL Porsche";1;8019227267136;;PLN;2072.00;2072.00;0;0;https://noweopony.pl/dane-opony/pirelli-p-zero-pz3-315-30-r22-107-y-xl-porsche;https://media.noweopony.net/media/tyres/treads/P_Zero_PZ3.jpg;2023-04-22T11:23:45.776600Z;2671300
002Y15559;"Pirelli Scorpion Ice & Snow 315/35R20 110V XL Run Flat BMW";1;8019227205015;;PLN;2107.00;2107.00;0;0;https://noweopony.pl/dane-opony/pirelli-scorpion-ice---snow-315-35-r20-110-v-xl-fr-run-flat-bmw;https://media.noweopony.net/media/tyres/products/C_C_71_A_1_0.jpg;2023-04-22T11:23:45.777330Z;2050100
006X3528704015160;"Michelin PILOT SPORT 4 S 315/30R20 104Y XL";1;3528704015160;;PLN;2114.00;2114.00;0;0;https://noweopony.pl/dane-opony/michelin-pilot-sport-4-s-315-30-r20-104-y-xl-fr;https://media.noweopony.net/media/tyres/treads/PILOT_SPORT_4_S.jpg;2023-04-22T11:23:45.778054Z;401516
006X3528706085628;"Michelin PILOT SPORT 4 S 295/35R20 105Y XL Ferrari";1;3528706085628;;PLN;2118.00;2118.00;0;0;https://noweopony.pl/dane-opony/michelin-pilot-sport-4-s-295-35-r20-105-y-xl-fr-ferrari;https://media.noweopony.net/media/tyres/treads/PILOT_SPORT_4_S.jpg;2023-04-22T11:23:45.778779Z;608562
002Y110433;"Pirelli Scorpion Winter 315/40R21 111V Mercedes";1;8019227361940;;PLN;2120.00;2120.00;0;0;https://noweopony.pl/dane-opony/pirelli-scorpion-winter-315-40-r21-111-v-pncs-mercedes;https://media.noweopony.net/media/tyres/treads/Scorpion_Winter.jpg;2023-04-22T11:23:45.779505Z;3619400
002Y181101;"Bridgestone Potenza Race 265/35R19 98Y XL";1;3286342828411;;PLN;2146.00;2146.00;0;0;https://noweopony.pl/dane-opony/bridgestone-potenza-race-265-35-r19-98-y-xl;https://media.noweopony.net/media/tyres/products/eprel_label_1325326.jpg;2023-04-22T11:23:45.780268Z;28284
INT1184;"Michelin PILOT ALPIN 5 SUV 285/40R22 110V XL";1;3528700609264;;PLN;2155.00;2155.00;0;0;https://noweopony.pl/dane-opony/michelin-pilot-alpin-5-suv-285-40-r22-110-v-xl-fr;https://media.noweopony.net/media/tyres/treads/PILOT_ALPIN_5_SUV.jpg;2023-04-22T11:23:45.781000Z;060926
002Y171241;"Pirelli Scorpion Winter 2 315/30R22 107V XL";1;8019227414042;;PLN;2160.00;2160.00;0;0;https://noweopony.pl/dane-opony/pirelli-scorpion-winter-2-315-30-r22-107-v-xl-fr-ncs;https://media.noweopony.net/media/tyres/treads/Scorpion-Winter-2-gallery-3-4-4505527507214.jpg;2023-04-22T11:23:45.781746Z;4140400
001YMNOL21032530YPSS0;"Michelin PILOT SUPER SPORT 325/30R21 108Y XL BMW";1;3528700622867;;PLN;2167.00;2167.00;0;0;https://noweopony.pl/dane-opony/michelin-pilot-super-sport-325-30-r21-108-y-xl-fr-bmw;https://media.noweopony.net/media/tyres/treads/PILOT_SUPER_SPORT.jpg;2023-04-22T11:23:45.782476Z;062286
003X4038526067647;"Goodyear EAGLE F1 SUPERSPORT RS 315/30R21 105Y XL Porsche";1;4038526067647;;PLN;2176.00;2176.00;0;0;https://noweopony.pl/dane-opony/goodyear-eagle-f1-supersport-rs-315-30-r21-105-y-xl;https://media.noweopony.net/media/tyres/products/eprel_label_1100069.jpg;2023-04-22T11:23:45.783201Z;580524
002Y112923;"Pirelli Scorpion Winter 275/40R22 108V XL Run Flat";1;8019227382754;;PLN;2183.00;2183.00;0;0;https://noweopony.pl/dane-opony/pirelli-scorpion-winter-275-40-r22-108-v-xl-fr-run-flat;https://media.noweopony.net/media/tyres/treads/Scorpion_Winter.jpg;2023-04-22T11:23:45.783962Z;3827500
006X3528700609264;"Michelin PILOT ALPIN 5 SUV 285/40R22 110V XL";1;3528700609264;;PLN;2196.00;2196.00;0;0;https://noweopony.pl/dane-opony/michelin-pilot-alpin-5-suv-285-40-r22-110-v-xl-fr;https://media.noweopony.net/media/tyres/treads/PILOT_ALPIN_5_SUV.jpg;2023-04-22T11:23:45.784715Z;060926
002Y171765;"Michelin PILOT ALPIN 5 SUV 285/40R23 111V XL";1;3528708979314;;PLN;2196.00;2196.00;0;0;https://noweopony.pl/dane-opony/michelin-pilot-alpin-5-suv-285-40-r23-111-v-xl-fr;https://media.noweopony.net/media/tyres/treads/PILOT_ALPIN_5_SUV.jpg;2023-04-22T11:23:45.785498Z;897931
002Y101600;"Michelin PILOT SPORT 4 S 315/30R22 107Y XL";1;3528702452486;;PLN;2202.00;2202.00;0;0;https://noweopony.pl/dane-opony/michelin-pilot-sport-4-s-315-30-r22-107-y-xl-fr;https://media.noweopony.net/media/tyres/treads/PILOT_SPORT_4_S.jpg;2023-04-22T11:23:45.786271Z;245248
001YMNOL21031530YP4S4;"Michelin PILOT SPORT 4 S 315/30R21 105Y XL Porsche";1;3528701775654;;PLN;2237.00;2237.00;0;0;https://noweopony.pl/dane-opony/michelin-pilot-sport-4-s-315-30-r21-105-y-xl-porsche;https://media.noweopony.net/media/tyres/treads/PILOT_SPORT_4_S.jpg;2023-04-22T11:23:45.787022Z;177565
002Y110437;"Pirelli Scorpion Winter 315/40R21 115W XL Lamborghini";1;8019227344615;;PLN;2256.00;2256.00;0;0;https://noweopony.pl/dane-opony/pirelli-scorpion-winter-315-40-r21-115-w-xl-fr-lamborghini;https://media.noweopony.net/media/tyres/treads/Scorpion_Winter.jpg;2023-04-22T11:23:45.787797Z;3446100
INT0003646;"Michelin PILOT SPORT 4 S 315/30R21 105Y XL Mercedes";1;3528700666465;;PLN;2257.00;2257.00;0;0;https://noweopony.pl/dane-opony/michelin-pilot-sport-4-s-315-30-r21-105-y-xl-fr-acoustic-mercedes;https://media.noweopony.net/media/tyres/treads/PILOT_SPORT_4_S.jpg;2023-04-22T11:23:45.788573Z;066646
002Y66609;"Pirelli Winter Sottozero 3 285/30R21 100W XL Audi";1;8019227242843;;PLN;2273.00;2273.00;0;0;https://noweopony.pl/dane-opony/pirelli-winter-sottozero-3-285-30-r21-100-w-xl-ncs-audi-s---rs;https://media.noweopony.net/media/tyres/treads/Winter_Sottozero_3.jpg;2023-04-22T11:23:45.789518Z;2428400
002Y184284;"Pirelli P Zero PZ4 315/35R22 111Y XL Porsche";1;8019227395921;;PLN;2276.00;2276.00;0;0;https://noweopony.pl/dane-opony/pirelli-p-zero-pz4-315-35-r22-111-y-xl-porsche;https://media.noweopony.net/media/tyres/treads/P_Zero_PZ4.jpg;2023-04-22T11:23:45.789995Z;3959200
002Y49826;"Pirelli Winter Sottozero Serie II 245/35R20 95V XL Run Flat";1;8019227226584;;PLN;2278.00;2278.00;0;0;https://noweopony.pl/dane-opony/pirelli-winter-sottozero-serie-ii-245-35-r20-95-v-xl-fr-run-flat;https://media.noweopony.net/media/tyres/treads/winter-sottozero2-3-4-1505470083282.jpg;2023-04-22T11:23:45.790450Z;2265800
002Y69195;"Michelin PILOT SUPER SPORT 275/30R21 98Y XL Run Flat";1;3528700241624;;PLN;2285.00;2285.00;0;0;https://noweopony.pl/dane-opony/michelin-pilot-super-sport-275-30-r21-98-y-xl-fr-run-flat;https://media.noweopony.net/media/tyres/treads/PILOT_SUPER_SPORT.jpg;2023-04-22T11:23:45.790907Z;024162
002Y171195;"Pirelli Scorpion Winter 2 275/40R22 108V XL Run Flat";1;8019227414004;;PLN;2299.00;2299.00;0;0;https://noweopony.pl/dane-opony/pirelli-scorpion-winter-2-275-40-r22-108-v-xl-fr-run-flat;https://media.noweopony.net/media/tyres/treads/Scorpion-Winter-2-gallery-3-4-4505527507214.jpg;2023-04-22T11:23:45.791364Z;4140000
002X4019238007770;"Continental SportContact 6 335/30R24 112Y XL";1;4019238007770;;PLN;2312.00;2312.00;0;0;https://noweopony.pl/dane-opony/continental-sportcontact-6-335-30-r24-112-y-xl-fr;https://media.noweopony.net/media/tyres/treads/SportContact_6.jpg;2023-04-22T11:23:45.791832Z;03587050000
002Y156606;"Pirelli Scorpion Winter 285/40R22 110V XL Mercedes";1;8019227399295;;PLN;2323.00;2323.00;0;0;https://noweopony.pl/dane-opony/pirelli-scorpion-winter-285-40-r22-110-v-xl-fr-mercedes;https://media.noweopony.net/media/tyres/treads/Scorpion_Winter.jpg;2023-04-22T11:23:45.792291Z;3992900
002Y105701;"Pirelli P Zero PZ4 315/40R21 115Y XL Lamborghini";1;8019227280777;;PLN;2347.00;2347.00;0;0;https://noweopony.pl/dane-opony/pirelli-p-zero-pz4-315-40-r21-115-y-xl-lamborghini;https://media.noweopony.net/media/tyres/treads/P_Zero_PZ4.jpg;2023-04-22T11:23:45.792748Z;2807700
001YMNOL19035530YP4S0;"Michelin PILOT SPORT 4 S 355/30R19 110Y XL";1;3528706103803;;PLN;2373.00;2373.00;0;0;https://noweopony.pl/dane-opony/michelin-pilot-sport-4-s-355-30-r19-110-y-xl-fr;https://media.noweopony.net/media/tyres/treads/PILOT_SPORT_4_S.jpg;2023-04-22T11:23:45.793202Z;610380
002Y158511;"Pirelli Scorpion Winter 325/40R22 114V Mercedes";1;8019227410808;;PLN;2382.00;2382.00;0;0;https://noweopony.pl/dane-opony/pirelli-scorpion-winter-325-40-r22-114-v-mercedes;https://media.noweopony.net/media/tyres/treads/Scorpion_Winter.jpg;2023-04-22T11:23:45.793654Z;4108000
002Y112913;"Pirelli Scorpion Winter 315/35R22 111V XL Run Flat";1;8019227382761;;PLN;2419.00;2419.00;0;0;https://noweopony.pl/dane-opony/pirelli-scorpion-winter-315-35-r22-111-v-xl-fr-run-flat;https://media.noweopony.net/media/tyres/treads/Scorpion_Winter.jpg;2023-04-22T11:23:45.794120Z;3827600
002Y113358;"Pirelli Scorpion Winter 315/35R21 111V XL Run Flat BMW";1;8019227327878;;PLN;2508.00;2508.00;0;0;https://noweopony.pl/dane-opony/pirelli-scorpion-winter-315-35-r21-111-v-xl-fr-run-flat-bmw;https://media.noweopony.net/media/tyres/treads/Scorpion_Winter.jpg;2023-04-22T11:23:45.794572Z;3278700
002Y125932;"Michelin PILOT ALPIN 5 305/30R21 104V XL";1;3528709264792;;PLN;2579.00;2579.00;0;0;https://noweopony.pl/dane-opony/michelin-pilot-alpin-5-305-30-r21-104-v-xl-fr;https://media.noweopony.net/media/tyres/treads/PILOT_ALPIN_5.jpg;2023-04-22T11:23:47.999608Z;926479
002Y171244;"Pirelli Scorpion Winter 2 315/35R22 111V XL Run Flat";1;8019227414059;;PLN;2724.00;2724.00;0;0;https://noweopony.pl/dane-opony/pirelli-scorpion-winter-2-315-35-r22-111-v-xl-run-flat;https://media.noweopony.net/media/tyres/treads/Scorpion-Winter-2-gallery-3-4-4505527507214.jpg;2023-04-22T11:23:48.000322Z;4140500
006X3528705642532;"Michelin PILOT SPORT CUP 2 315/30R20 104Y XL Ferrari";1;3528705642532;;PLN;2923.00;2923.00;0;0;https://noweopony.pl/dane-opony/michelin-pilot-sport-cup-2-315-30-r20-104-y-xl-fr-acoustic-ferrari;https://media.noweopony.net/media/tyres/treads/PILOT_SPORT_CUP_2.jpg;2023-04-22T11:23:48.001010Z;564253
002Y38989;"Pirelli Scorpion Ice & Snow 325/30R21 108V XL Run Flat";1;8019227193268;;PLN;3063.00;3063.00;0;0;https://noweopony.pl/dane-opony/pirelli-scorpion-ice---snow-325-30-r21-108-v-xl-fr-run-flat;https://media.noweopony.net/media/tyres/products/C_C_74_B_1_0.jpg;2023-04-22T11:23:48.001601Z;1932600
002Y148986;"Pirelli P Zero PZ4 285/35R23 107Y XL Alpina";1;8019227387353;;PLN;3074.00;3074.00;0;0;https://noweopony.pl/dane-opony/pirelli-p-zero-pz4-285-35-r23-107-y-xl-fr-pncs-alpina;https://media.noweopony.net/media/tyres/treads/P_Zero_PZ4.jpg;2023-04-22T11:23:48.002187Z;3873500
002Y148979;"Pirelli P Zero PZ4 325/30R23 109Y XL Alpina";1;8019227387346;;PLN;3445.00;3445.00;0;0;https://noweopony.pl/dane-opony/pirelli-p-zero-pz4-325-30-r23-109-y-xl-fr-alpina;https://media.noweopony.net/media/tyres/treads/P_Zero_PZ4.jpg;2023-04-22T11:23:48.002804Z;3873400
006X3528704989812;"Michelin PILOT SPORT CUP 2 R 305/30R20 103Y XL Ferrari";1;3528704989812;;PLN;3978.00;3978.00;0;0;https://noweopony.pl/dane-opony/michelin-pilot-sport-cup-2-r-305-30-r20-103-y-xl-fr-ferrari;https://media.noweopony.net/media/tyres/treads/cup_2_connect_R.jpg;2023-04-22T11:23:48.003441Z;498981
006X3528705995102;"Michelin PILOT SPORT CUP 2 R 335/30R20 108Y XL Mercedes";1;3528705995102;;PLN;4224.00;4224.00;0;0;https://noweopony.pl/dane-opony/michelin-pilot-sport-cup-2-r-335-30-r20-108-y-xl-fr-mercedes;https://media.noweopony.net/media/tyres/treads/cup_2_connect_R.jpg;2023-04-22T11:23:48.004089Z;599510
